inst#,actual,predicted,error,prediction
1,1:?,1:Bot,,0.859
2,1:?,1:Bot,,0.815
3,1:?,2:Human,,0.66
4,1:?,1:Bot,,1
5,1:?,1:Bot,,0.66
6,1:?,2:Human,,0.715
7,1:?,2:Human,,0.596
8,1:?,1:Bot,,0.621
9,1:?,1:Bot,,0.85
10,1:?,1:Bot,,0.81
11,1:?,2:Human,,0.53
12,1:?,1:Bot,,0.597
13,1:?,1:Bot,,0.75
14,1:?,1:Bot,,0.541
15,1:?,1:Bot,,0.599
16,1:?,1:Bot,,0.6
17,1:?,1:Bot,,1
18,1:?,1:Bot,,1
19,1:?,1:Bot,,0.89
20,1:?,1:Bot,,0.61
21,1:?,1:Bot,,0.72
22,1:?,1:Bot,,0.576
23,1:?,1:Bot,,0.59
24,1:?,2:Human,,0.57
25,1:?,1:Bot,,0.77
26,1:?,1:Bot,,0.74
27,1:?,1:Bot,,0.59
28,1:?,1:Bot,,0.69
29,1:?,1:Bot,,0.604
30,1:?,1:Bot,,0.8
31,1:?,1:Bot,,0.61
32,1:?,2:Human,,0.908
33,1:?,1:Bot,,0.874
34,1:?,1:Bot,,0.52
35,1:?,1:Bot,,0.68
36,1:?,2:Human,,0.692
37,1:?,1:Bot,,0.95
38,1:?,1:Bot,,0.85
39,1:?,2:Human,,0.73
40,1:?,2:Human,,0.577
41,1:?,1:Bot,,1
42,1:?,2:Human,,0.54
43,1:?,1:Bot,,0.67
44,1:?,1:Bot,,1
45,1:?,1:Bot,,1
46,1:?,1:Bot,,0.7
47,1:?,1:Bot,,0.83
48,1:?,2:Human,,0.53
49,1:?,1:Bot,,0.79
50,1:?,1:Bot,,0.635
51,1:?,1:Bot,,1
52,1:?,2:Human,,0.71
53,1:?,1:Bot,,0.617
54,1:?,1:Bot,,1
55,1:?,1:Bot,,0.89
56,1:?,1:Bot,,0.86
57,1:?,1:Bot,,0.93
58,1:?,2:Human,,0.875
59,1:?,2:Human,,0.7
60,1:?,1:Bot,,0.84
61,1:?,1:Bot,,0.794
62,1:?,1:Bot,,0.52
63,1:?,1:Bot,,0.834
64,1:?,2:Human,,0.863
65,1:?,1:Bot,,0.752
66,1:?,1:Bot,,0.71
67,1:?,2:Human,,0.623
68,1:?,1:Bot,,0.976
69,1:?,1:Bot,,0.63
70,1:?,1:Bot,,1
71,1:?,1:Bot,,0.8
72,1:?,1:Bot,,0.859
73,1:?,1:Bot,,0.55
74,1:?,1:Bot,,0.83
75,1:?,1:Bot,,0.65
76,1:?,1:Bot,,0.77
77,1:?,1:Bot,,0.53
78,1:?,1:Bot,,0.85
79,1:?,1:Bot,,0.878
80,1:?,2:Human,,0.591
81,1:?,1:Bot,,0.905
82,1:?,1:Bot,,0.62
83,1:?,2:Human,,0.596
84,1:?,1:Bot,,0.97
85,1:?,2:Human,,0.63
86,1:?,1:Bot,,0.72
87,1:?,1:Bot,,0.66
88,1:?,1:Bot,,0.84
89,1:?,1:Bot,,0.93
90,1:?,1:Bot,,0.82
91,1:?,1:Bot,,1
92,1:?,1:Bot,,0.63
93,1:?,1:Bot,,0.52
94,1:?,1:Bot,,0.71
95,1:?,1:Bot,,0.84
96,1:?,1:Bot,,0.65
97,1:?,1:Bot,,0.98
98,1:?,1:Bot,,0.78
99,1:?,1:Bot,,0.93
100,1:?,1:Bot,,0.852
101,1:?,1:Bot,,0.78
102,1:?,1:Bot,,0.68
103,1:?,1:Bot,,0.82
104,1:?,1:Bot,,0.59
105,1:?,2:Human,,0.575
106,1:?,1:Bot,,0.64
107,1:?,1:Bot,,0.777
108,1:?,2:Human,,0.802
109,1:?,1:Bot,,1
110,1:?,1:Bot,,0.81
111,1:?,1:Bot,,0.51
112,1:?,1:Bot,,1
113,1:?,1:Bot,,0.8
114,1:?,1:Bot,,1
115,1:?,1:Bot,,0.63
116,1:?,1:Bot,,0.675
117,1:?,1:Bot,,0.58
118,1:?,1:Bot,,0.73
119,1:?,1:Bot,,0.96
120,1:?,2:Human,,0.727
121,1:?,1:Bot,,0.626
122,1:?,1:Bot,,0.973
123,1:?,1:Bot,,0.78
124,1:?,1:Bot,,0.655
125,1:?,1:Bot,,0.77
126,1:?,1:Bot,,0.694
127,1:?,1:Bot,,0.95
128,1:?,2:Human,,0.59
129,1:?,1:Bot,,0.62
130,1:?,1:Bot,,0.74
131,1:?,2:Human,,0.753
132,1:?,1:Bot,,0.67
133,1:?,1:Bot,,1
134,1:?,2:Human,,0.64
135,1:?,1:Bot,,0.804
136,1:?,1:Bot,,0.8
137,1:?,1:Bot,,1
138,1:?,1:Bot,,0.63
139,1:?,2:Human,,0.763
140,1:?,1:Bot,,0.61
141,1:?,1:Bot,,0.84
142,1:?,1:Bot,,1
143,1:?,1:Bot,,0.89
144,1:?,1:Bot,,0.56
145,1:?,1:Bot,,0.52
146,1:?,2:Human,,0.57
147,1:?,1:Bot,,0.56
148,1:?,2:Human,,0.67
149,1:?,1:Bot,,0.69
150,1:?,1:Bot,,0.9
151,1:?,1:Bot,,1
152,1:?,1:Bot,,1
153,1:?,1:Bot,,0.82
154,1:?,1:Bot,,0.65
155,1:?,1:Bot,,0.75
156,1:?,1:Bot,,0.67
157,1:?,1:Bot,,0.68
158,1:?,2:Human,,0.7
159,1:?,1:Bot,,0.52
160,1:?,1:Bot,,0.69
161,1:?,1:Bot,,0.52
162,1:?,1:Bot,,0.79
163,1:?,1:Bot,,0.71
164,1:?,1:Bot,,0.6
165,1:?,1:Bot,,1
166,1:?,1:Bot,,0.878
167,1:?,1:Bot,,0.95
168,1:?,1:Bot,,0.749
169,1:?,2:Human,,0.63
170,1:?,1:Bot,,0.591
171,1:?,2:Human,,0.69
172,1:?,2:Human,,0.62
173,1:?,1:Bot,,0.57
174,1:?,1:Bot,,0.81
175,1:?,2:Human,,0.59
176,1:?,1:Bot,,0.69
177,1:?,1:Bot,,1
178,1:?,1:Bot,,0.67
179,1:?,1:Bot,,0.919
180,1:?,1:Bot,,0.89
181,1:?,1:Bot,,0.58
182,1:?,2:Human,,0.83
183,1:?,2:Human,,0.511
184,1:?,1:Bot,,0.75
185,1:?,1:Bot,,0.66
186,1:?,1:Bot,,0.63
187,1:?,1:Bot,,0.91
188,1:?,2:Human,,0.64
189,1:?,2:Human,,0.53
190,1:?,1:Bot,,0.68
191,1:?,2:Human,,0.68
192,1:?,2:Human,,0.571
193,1:?,1:Bot,,0.524
194,1:?,2:Human,,0.73
195,1:?,1:Bot,,0.742
196,1:?,2:Human,,0.58
197,1:?,1:Bot,,0.72
198,1:?,1:Bot,,0.62
199,1:?,1:Bot,,0.625
200,1:?,1:Bot,,0.78
201,1:?,1:Bot,,0.59
202,1:?,1:Bot,,0.907
203,1:?,1:Bot,,0.85
204,1:?,1:Bot,,0.72
205,1:?,1:Bot,,0.97
206,1:?,1:Bot,,0.691
207,1:?,1:Bot,,0.93
208,1:?,1:Bot,,0.66
209,1:?,1:Bot,,1
210,1:?,1:Bot,,0.558
211,1:?,1:Bot,,0.65
212,1:?,1:Bot,,0.88
213,1:?,1:Bot,,0.5
214,1:?,2:Human,,0.52
215,1:?,1:Bot,,0.53
216,1:?,1:Bot,,0.735
217,1:?,2:Human,,0.79
218,1:?,1:Bot,,0.77
219,1:?,2:Human,,0.54
220,1:?,1:Bot,,0.76
221,1:?,1:Bot,,0.71
222,1:?,1:Bot,,0.82
223,1:?,2:Human,,0.627
224,1:?,1:Bot,,0.72
225,1:?,1:Bot,,0.63
226,1:?,2:Human,,0.52
227,1:?,1:Bot,,0.703
228,1:?,1:Bot,,0.67
229,1:?,1:Bot,,0.707
230,1:?,1:Bot,,0.5
231,1:?,1:Bot,,0.85
232,1:?,2:Human,,0.51
233,1:?,1:Bot,,0.75
234,1:?,1:Bot,,0.68
235,1:?,1:Bot,,0.79
236,1:?,1:Bot,,0.698
237,1:?,1:Bot,,0.78
238,1:?,2:Human,,0.593
239,1:?,1:Bot,,0.79
240,1:?,1:Bot,,0.63
241,1:?,1:Bot,,0.98
242,1:?,1:Bot,,0.77
243,1:?,1:Bot,,0.88
244,1:?,1:Bot,,0.955
245,1:?,1:Bot,,0.62
246,1:?,2:Human,,0.605
247,1:?,1:Bot,,0.56
248,1:?,1:Bot,,1
249,1:?,1:Bot,,0.53
250,1:?,1:Bot,,0.68
251,1:?,1:Bot,,1
252,1:?,2:Human,,0.659
253,1:?,2:Human,,0.989
254,1:?,1:Bot,,0.58
255,1:?,1:Bot,,0.87
256,1:?,1:Bot,,0.56
257,1:?,1:Bot,,0.61
258,1:?,1:Bot,,0.83
259,1:?,1:Bot,,0.863
260,1:?,1:Bot,,0.879
261,1:?,1:Bot,,0.527
262,1:?,1:Bot,,0.51
263,1:?,2:Human,,0.67
264,1:?,1:Bot,,0.91
265,1:?,2:Human,,0.522
266,1:?,1:Bot,,0.83
267,1:?,1:Bot,,1
268,1:?,2:Human,,0.57
269,1:?,1:Bot,,0.795
270,1:?,1:Bot,,0.75
271,1:?,1:Bot,,0.74
272,1:?,1:Bot,,0.83
273,1:?,1:Bot,,0.725
274,1:?,1:Bot,,0.64
275,1:?,1:Bot,,0.707
276,1:?,1:Bot,,1
277,1:?,1:Bot,,0.879
278,1:?,2:Human,,0.56
279,1:?,2:Human,,0.537
280,1:?,1:Bot,,0.77
281,1:?,1:Bot,,0.973
282,1:?,2:Human,,1
283,1:?,2:Human,,0.537
284,1:?,1:Bot,,0.67
285,1:?,1:Bot,,0.88
286,1:?,1:Bot,,0.85
287,1:?,1:Bot,,1
288,1:?,1:Bot,,0.94
289,1:?,1:Bot,,1
290,1:?,1:Bot,,0.81
291,1:?,1:Bot,,1
292,1:?,1:Bot,,0.607
293,1:?,1:Bot,,0.5
294,1:?,2:Human,,0.83
295,1:?,1:Bot,,0.75
296,1:?,1:Bot,,1
297,1:?,1:Bot,,0.76
298,1:?,2:Human,,0.677
299,1:?,1:Bot,,0.64
300,1:?,2:Human,,0.546
301,1:?,1:Bot,,1
302,1:?,1:Bot,,0.58
303,1:?,1:Bot,,0.787
304,1:?,1:Bot,,0.582
305,1:?,1:Bot,,0.67
306,1:?,1:Bot,,0.55
307,1:?,1:Bot,,0.799
308,1:?,2:Human,,0.59
309,1:?,1:Bot,,0.79
310,1:?,1:Bot,,0.52
311,1:?,1:Bot,,0.91
312,1:?,1:Bot,,0.54
313,1:?,1:Bot,,0.56
314,1:?,2:Human,,0.92
315,1:?,1:Bot,,0.726
316,1:?,1:Bot,,0.79
317,1:?,1:Bot,,0.63
318,1:?,1:Bot,,0.74
319,1:?,2:Human,,0.55
320,1:?,1:Bot,,0.84
321,1:?,1:Bot,,0.61
322,1:?,1:Bot,,0.7
323,1:?,1:Bot,,0.72
324,1:?,1:Bot,,0.78
325,1:?,1:Bot,,0.645
326,1:?,1:Bot,,0.62
327,1:?,1:Bot,,0.9
328,1:?,1:Bot,,0.69
329,1:?,1:Bot,,1
330,1:?,1:Bot,,0.76
331,1:?,1:Bot,,0.587
332,1:?,2:Human,,0.52
333,1:?,1:Bot,,0.86
334,1:?,1:Bot,,1
335,1:?,1:Bot,,1
336,1:?,1:Bot,,0.826
337,1:?,1:Bot,,0.81
338,1:?,2:Human,,0.91
339,1:?,2:Human,,0.56
340,1:?,1:Bot,,0.88
341,1:?,1:Bot,,1
342,1:?,1:Bot,,0.83
343,1:?,1:Bot,,1
344,1:?,1:Bot,,1
345,1:?,1:Bot,,0.59
346,1:?,1:Bot,,0.58
347,1:?,2:Human,,0.7
348,1:?,1:Bot,,0.599
349,1:?,2:Human,,0.663
350,1:?,1:Bot,,0.712
351,1:?,1:Bot,,0.64
352,1:?,1:Bot,,0.803
353,1:?,1:Bot,,0.7
354,1:?,1:Bot,,1
355,1:?,1:Bot,,0.77
356,1:?,1:Bot,,0.725
357,1:?,1:Bot,,0.775
358,1:?,1:Bot,,0.56
359,1:?,1:Bot,,0.83
360,1:?,1:Bot,,0.77
361,1:?,1:Bot,,0.91
362,1:?,1:Bot,,0.652
363,1:?,1:Bot,,0.69
364,1:?,1:Bot,,0.633
365,1:?,1:Bot,,0.536
366,1:?,1:Bot,,0.906
367,1:?,1:Bot,,1
368,1:?,2:Human,,0.59
369,1:?,1:Bot,,0.68
370,1:?,1:Bot,,0.795
371,1:?,1:Bot,,0.855
372,1:?,1:Bot,,1
373,1:?,2:Human,,0.808
374,1:?,1:Bot,,0.604
375,1:?,2:Human,,0.53
376,1:?,1:Bot,,0.58
377,1:?,1:Bot,,0.8
378,1:?,1:Bot,,0.599
379,1:?,1:Bot,,0.575
380,1:?,2:Human,,0.907
381,1:?,1:Bot,,0.524
382,1:?,1:Bot,,0.91
383,1:?,1:Bot,,0.8
384,1:?,1:Bot,,1
385,1:?,1:Bot,,0.64
386,1:?,1:Bot,,0.812
387,1:?,1:Bot,,0.907
388,1:?,1:Bot,,0.75
389,1:?,1:Bot,,0.75
390,1:?,1:Bot,,0.79
391,1:?,2:Human,,0.71
392,1:?,2:Human,,0.507
393,1:?,1:Bot,,0.975
394,1:?,1:Bot,,0.77
395,1:?,1:Bot,,0.69
396,1:?,1:Bot,,0.84
397,1:?,1:Bot,,0.738
398,1:?,1:Bot,,0.95
399,1:?,1:Bot,,0.52
400,1:?,1:Bot,,0.66
401,1:?,1:Bot,,0.88
402,1:?,1:Bot,,0.91
403,1:?,1:Bot,,0.734
404,1:?,1:Bot,,0.593
405,1:?,2:Human,,0.53
406,1:?,1:Bot,,0.7
407,1:?,1:Bot,,0.54
408,1:?,2:Human,,0.57
409,1:?,1:Bot,,0.56
410,1:?,2:Human,,0.805
411,1:?,2:Human,,0.73
412,1:?,1:Bot,,0.55
413,1:?,2:Human,,0.65
414,1:?,1:Bot,,0.62
415,1:?,1:Bot,,0.523
416,1:?,1:Bot,,0.57
417,1:?,1:Bot,,0.74
418,1:?,2:Human,,0.58
419,1:?,1:Bot,,0.72
420,1:?,1:Bot,,0.77
421,1:?,1:Bot,,0.615
422,1:?,1:Bot,,0.62
423,1:?,2:Human,,0.6
424,1:?,1:Bot,,0.817
425,1:?,1:Bot,,1
426,1:?,1:Bot,,0.7
427,1:?,1:Bot,,0.79
428,1:?,1:Bot,,0.737
429,1:?,1:Bot,,0.655
430,1:?,1:Bot,,0.55
431,1:?,1:Bot,,0.76
432,1:?,1:Bot,,0.8
433,1:?,1:Bot,,0.779
434,1:?,2:Human,,0.51
435,1:?,1:Bot,,0.88
436,1:?,1:Bot,,0.76
437,1:?,2:Human,,0.6
438,1:?,2:Human,,0.579
439,1:?,1:Bot,,0.68
440,1:?,1:Bot,,0.778
441,1:?,1:Bot,,0.9
442,1:?,1:Bot,,1
443,1:?,2:Human,,0.652
444,1:?,2:Human,,0.62
445,1:?,1:Bot,,0.59
446,1:?,1:Bot,,0.837
447,1:?,1:Bot,,0.87
448,1:?,2:Human,,0.518
449,1:?,2:Human,,0.538
450,1:?,2:Human,,0.56
451,1:?,1:Bot,,0.81
452,1:?,1:Bot,,0.83
453,1:?,1:Bot,,0.604
454,1:?,2:Human,,0.882
455,1:?,1:Bot,,0.58
456,1:?,1:Bot,,0.642
457,1:?,1:Bot,,0.832
458,1:?,1:Bot,,0.92
459,1:?,1:Bot,,0.782
460,1:?,1:Bot,,0.69
461,1:?,1:Bot,,1
462,1:?,2:Human,,0.58
463,1:?,1:Bot,,0.77
464,1:?,1:Bot,,0.78
465,1:?,1:Bot,,0.77
466,1:?,1:Bot,,0.607
467,1:?,1:Bot,,0.79
468,1:?,1:Bot,,0.66
469,1:?,1:Bot,,0.88
470,1:?,1:Bot,,0.79
471,1:?,1:Bot,,0.816
472,1:?,2:Human,,0.7
473,1:?,1:Bot,,0.648
474,1:?,1:Bot,,0.68
475,1:?,1:Bot,,0.74
476,1:?,1:Bot,,0.83
477,1:?,1:Bot,,0.9
478,1:?,1:Bot,,0.52
479,1:?,1:Bot,,1
480,1:?,1:Bot,,1
481,1:?,2:Human,,0.65
482,1:?,1:Bot,,0.552
483,1:?,1:Bot,,0.68
484,1:?,2:Human,,0.51
485,1:?,1:Bot,,0.8
486,1:?,1:Bot,,0.86
487,1:?,2:Human,,0.76
488,1:?,1:Bot,,0.785
489,1:?,1:Bot,,0.57
490,1:?,1:Bot,,0.58
491,1:?,1:Bot,,0.756
492,1:?,2:Human,,0.597
493,1:?,1:Bot,,0.83
494,1:?,1:Bot,,0.72
495,1:?,1:Bot,,0.77
496,1:?,1:Bot,,0.81
497,1:?,1:Bot,,0.6
498,1:?,2:Human,,0.63
499,1:?,2:Human,,0.74
500,1:?,1:Bot,,0.52
501,1:?,1:Bot,,0.92
502,1:?,2:Human,,0.82
503,1:?,1:Bot,,0.57
504,1:?,1:Bot,,0.85
505,1:?,2:Human,,0.84
506,1:?,2:Human,,0.83
507,1:?,1:Bot,,0.82
508,1:?,1:Bot,,0.5
509,1:?,2:Human,,0.51
510,1:?,1:Bot,,0.79
511,1:?,1:Bot,,0.81
512,1:?,2:Human,,0.803
513,1:?,2:Human,,0.806
514,1:?,1:Bot,,0.835
515,1:?,1:Bot,,0.74
516,1:?,1:Bot,,0.64
517,1:?,1:Bot,,0.76
518,1:?,1:Bot,,0.74
519,1:?,1:Bot,,0.72
520,1:?,1:Bot,,0.68
521,1:?,1:Bot,,0.6
522,1:?,1:Bot,,1
523,1:?,1:Bot,,0.56
524,1:?,2:Human,,0.538
525,1:?,1:Bot,,1
526,1:?,1:Bot,,0.682
527,1:?,1:Bot,,1
528,1:?,1:Bot,,0.65
529,1:?,2:Human,,0.515
530,1:?,1:Bot,,0.57
531,1:?,1:Bot,,0.55
532,1:?,1:Bot,,1
533,1:?,1:Bot,,0.66
534,1:?,1:Bot,,0.665
535,1:?,1:Bot,,0.98
536,1:?,2:Human,,0.62
537,1:?,1:Bot,,0.68
538,1:?,1:Bot,,1
539,1:?,2:Human,,0.59
540,1:?,1:Bot,,0.77
541,1:?,1:Bot,,0.79
542,1:?,1:Bot,,0.756
543,1:?,1:Bot,,0.72
544,1:?,2:Human,,0.54
545,1:?,1:Bot,,0.75
546,1:?,1:Bot,,0.575
547,1:?,1:Bot,,0.563
548,1:?,1:Bot,,0.676
549,1:?,1:Bot,,0.76
550,1:?,1:Bot,,1
551,1:?,1:Bot,,0.6
552,1:?,2:Human,,0.6
553,1:?,2:Human,,0.596
554,1:?,1:Bot,,0.82
555,1:?,1:Bot,,0.71
556,1:?,1:Bot,,1
557,1:?,1:Bot,,0.56
558,1:?,1:Bot,,0.557
559,1:?,1:Bot,,0.7
560,1:?,1:Bot,,0.64
561,1:?,1:Bot,,0.74
562,1:?,2:Human,,0.576
563,1:?,2:Human,,0.848
564,1:?,1:Bot,,0.75
565,1:?,2:Human,,0.53
566,1:?,2:Human,,0.63
567,1:?,2:Human,,0.773
568,1:?,1:Bot,,0.79
569,1:?,1:Bot,,0.93
570,1:?,1:Bot,,0.66
571,1:?,1:Bot,,0.68
572,1:?,2:Human,,0.619
573,1:?,1:Bot,,0.74
574,1:?,2:Human,,0.709
575,1:?,2:Human,,0.793
576,1:?,1:Bot,,0.71
577,1:?,1:Bot,,1
578,1:?,1:Bot,,0.8
579,1:?,1:Bot,,0.69
580,1:?,1:Bot,,0.74
581,1:?,2:Human,,0.72
582,1:?,2:Human,,0.865
583,1:?,1:Bot,,1
584,1:?,1:Bot,,0.58
585,1:?,1:Bot,,0.79
586,1:?,1:Bot,,0.83
587,1:?,2:Human,,0.677
588,1:?,2:Human,,0.51
589,1:?,1:Bot,,0.923
590,1:?,1:Bot,,0.883
591,1:?,1:Bot,,0.843
592,1:?,2:Human,,0.57
593,1:?,1:Bot,,0.52
594,1:?,2:Human,,0.55
595,1:?,1:Bot,,0.51
596,1:?,1:Bot,,0.566
597,1:?,1:Bot,,0.83
598,1:?,2:Human,,0.6
599,1:?,1:Bot,,0.84
600,1:?,1:Bot,,0.7
601,1:?,1:Bot,,0.62
602,1:?,1:Bot,,0.74
603,1:?,1:Bot,,1
604,1:?,1:Bot,,0.926
605,1:?,1:Bot,,1
606,1:?,1:Bot,,0.57
607,1:?,1:Bot,,0.64
608,1:?,1:Bot,,0.871
609,1:?,1:Bot,,0.939
610,1:?,1:Bot,,0.86
611,1:?,2:Human,,0.66
612,1:?,1:Bot,,1
613,1:?,2:Human,,0.571
614,1:?,1:Bot,,1
615,1:?,1:Bot,,0.663
616,1:?,2:Human,,0.771
617,1:?,1:Bot,,0.869
618,1:?,1:Bot,,0.542
619,1:?,1:Bot,,0.571
620,1:?,1:Bot,,0.72
621,1:?,2:Human,,0.77
622,1:?,2:Human,,0.61
623,1:?,1:Bot,,0.65
624,1:?,1:Bot,,0.95
625,1:?,1:Bot,,0.68
626,1:?,2:Human,,0.68
627,1:?,1:Bot,,0.76
628,1:?,1:Bot,,0.576
629,1:?,2:Human,,0.788
630,1:?,2:Human,,0.854
631,1:?,1:Bot,,0.92
632,1:?,1:Bot,,1
633,1:?,2:Human,,0.629
634,1:?,1:Bot,,0.6
635,1:?,2:Human,,0.603
636,1:?,1:Bot,,0.86
637,1:?,1:Bot,,0.69
638,1:?,1:Bot,,0.86
639,1:?,1:Bot,,0.695
640,1:?,1:Bot,,0.83
641,1:?,1:Bot,,0.51
642,1:?,1:Bot,,0.79
643,1:?,1:Bot,,1
644,1:?,1:Bot,,0.67
645,1:?,1:Bot,,0.819
646,1:?,1:Bot,,0.75
647,1:?,1:Bot,,0.883
648,1:?,1:Bot,,0.564
649,1:?,1:Bot,,0.525
650,1:?,1:Bot,,0.85
651,1:?,1:Bot,,0.73
652,1:?,2:Human,,0.85
653,1:?,1:Bot,,0.94
654,1:?,1:Bot,,1
655,1:?,1:Bot,,1
656,1:?,1:Bot,,1
657,1:?,1:Bot,,1
658,1:?,1:Bot,,0.68
659,1:?,1:Bot,,0.909
660,1:?,1:Bot,,0.781
661,1:?,1:Bot,,0.74
662,1:?,1:Bot,,0.82
663,1:?,1:Bot,,0.68
664,1:?,1:Bot,,0.544
665,1:?,1:Bot,,1
666,1:?,1:Bot,,0.72
667,1:?,2:Human,,0.727
668,1:?,1:Bot,,0.91
669,1:?,1:Bot,,0.8
670,1:?,1:Bot,,1
671,1:?,1:Bot,,0.64
672,1:?,1:Bot,,0.619
673,1:?,1:Bot,,0.83
674,1:?,2:Human,,0.56
675,1:?,2:Human,,0.646
676,1:?,2:Human,,0.546
677,1:?,1:Bot,,0.729
678,1:?,1:Bot,,0.85
679,1:?,1:Bot,,0.975
680,1:?,2:Human,,0.59
681,1:?,1:Bot,,1
682,1:?,1:Bot,,0.57
683,1:?,1:Bot,,0.557
684,1:?,2:Human,,0.62
685,1:?,1:Bot,,0.761
686,1:?,1:Bot,,0.79
687,1:?,1:Bot,,0.779
688,1:?,1:Bot,,0.74
689,1:?,1:Bot,,0.77
690,1:?,1:Bot,,0.62
691,1:?,2:Human,,0.745
692,1:?,1:Bot,,0.69
693,1:?,1:Bot,,0.74
694,1:?,1:Bot,,0.84
695,1:?,1:Bot,,0.89
696,1:?,1:Bot,,0.92
697,1:?,1:Bot,,0.82
698,1:?,1:Bot,,0.85
699,1:?,1:Bot,,0.6
700,1:?,1:Bot,,0.804
701,1:?,1:Bot,,1
702,1:?,1:Bot,,0.816
703,1:?,2:Human,,0.74
704,1:?,1:Bot,,0.602
705,1:?,1:Bot,,0.58
706,1:?,1:Bot,,0.863
707,1:?,1:Bot,,0.747
708,1:?,1:Bot,,0.72
709,1:?,1:Bot,,0.75
710,1:?,1:Bot,,0.629
711,1:?,2:Human,,0.595
712,1:?,1:Bot,,0.51
713,1:?,1:Bot,,0.758
714,1:?,1:Bot,,0.92
715,1:?,1:Bot,,0.83
716,1:?,1:Bot,,1
717,1:?,1:Bot,,0.763
718,1:?,2:Human,,0.6
719,1:?,1:Bot,,0.68
720,1:?,1:Bot,,0.52
721,1:?,2:Human,,0.55
722,1:?,1:Bot,,0.85
723,1:?,1:Bot,,1
724,1:?,1:Bot,,0.53
725,1:?,1:Bot,,0.66
726,1:?,1:Bot,,0.72
727,1:?,1:Bot,,0.51
728,1:?,1:Bot,,0.63
729,1:?,1:Bot,,1
730,1:?,1:Bot,,0.95
731,1:?,1:Bot,,0.74
732,1:?,1:Bot,,0.86
733,1:?,1:Bot,,0.681
734,1:?,1:Bot,,0.77
735,1:?,1:Bot,,0.65
736,1:?,1:Bot,,0.64
737,1:?,1:Bot,,0.715
738,1:?,1:Bot,,0.571
739,1:?,2:Human,,0.67
740,1:?,1:Bot,,0.78
741,1:?,1:Bot,,1
742,1:?,2:Human,,0.576
743,1:?,1:Bot,,0.74
744,1:?,1:Bot,,0.527
745,1:?,1:Bot,,0.517
746,1:?,1:Bot,,0.587
747,1:?,2:Human,,0.72
748,1:?,2:Human,,0.677
749,1:?,1:Bot,,0.68
750,1:?,1:Bot,,0.72
751,1:?,1:Bot,,0.58
752,1:?,2:Human,,0.87
753,1:?,1:Bot,,0.56
754,1:?,1:Bot,,0.56
755,1:?,1:Bot,,0.531
756,1:?,2:Human,,0.64
757,1:?,1:Bot,,0.5
758,1:?,1:Bot,,0.88
759,1:?,1:Bot,,1
760,1:?,1:Bot,,0.8
761,1:?,1:Bot,,0.59
762,1:?,1:Bot,,0.64
763,1:?,1:Bot,,0.631
764,1:?,1:Bot,,0.66
765,1:?,1:Bot,,0.72
766,1:?,1:Bot,,0.672
767,1:?,1:Bot,,0.69
768,1:?,1:Bot,,0.685
769,1:?,1:Bot,,0.75
770,1:?,1:Bot,,0.9
771,1:?,2:Human,,0.81
772,1:?,1:Bot,,0.68
773,1:?,2:Human,,0.76
774,1:?,1:Bot,,0.756
775,1:?,2:Human,,0.613
776,1:?,1:Bot,,0.68
777,1:?,1:Bot,,0.65
778,1:?,1:Bot,,0.879
779,1:?,1:Bot,,0.68
780,1:?,1:Bot,,0.54
781,1:?,2:Human,,0.71
782,1:?,2:Human,,0.64
783,1:?,1:Bot,,0.67
784,1:?,1:Bot,,0.5
785,1:?,2:Human,,0.59
786,1:?,1:Bot,,0.86
787,1:?,2:Human,,0.53
788,1:?,1:Bot,,0.82
789,1:?,1:Bot,,0.85
790,1:?,1:Bot,,0.805
791,1:?,1:Bot,,0.63
792,1:?,1:Bot,,0.56
793,1:?,1:Bot,,0.9
794,1:?,2:Human,,0.56
795,1:?,1:Bot,,0.5
796,1:?,1:Bot,,0.77
797,1:?,2:Human,,0.659
798,1:?,1:Bot,,0.6
799,1:?,1:Bot,,1
800,1:?,2:Human,,0.7
801,1:?,1:Bot,,0.9
802,1:?,2:Human,,0.66
803,1:?,1:Bot,,0.73
804,1:?,1:Bot,,1
805,1:?,2:Human,,0.52
806,1:?,1:Bot,,0.58
807,1:?,1:Bot,,1
808,1:?,1:Bot,,1
809,1:?,1:Bot,,0.973
810,1:?,1:Bot,,0.7
811,1:?,1:Bot,,0.629
812,1:?,1:Bot,,0.68
813,1:?,1:Bot,,0.54
814,1:?,2:Human,,0.67
815,1:?,1:Bot,,0.78
816,1:?,2:Human,,0.54
817,1:?,1:Bot,,0.72
818,1:?,1:Bot,,0.873
819,1:?,1:Bot,,0.94
820,1:?,2:Human,,0.61
821,1:?,1:Bot,,1
822,1:?,1:Bot,,0.69
823,1:?,1:Bot,,0.821
824,1:?,1:Bot,,0.81
825,1:?,1:Bot,,0.87
826,1:?,1:Bot,,0.59
827,1:?,1:Bot,,0.83
828,1:?,1:Bot,,0.747
829,1:?,1:Bot,,0.826
830,1:?,2:Human,,0.59
831,1:?,1:Bot,,0.765
832,1:?,1:Bot,,0.54
833,1:?,1:Bot,,0.6
834,1:?,2:Human,,0.52
835,1:?,2:Human,,0.61
836,1:?,1:Bot,,0.68
837,1:?,1:Bot,,0.68
838,1:?,1:Bot,,0.59
839,1:?,2:Human,,0.69
840,1:?,1:Bot,,0.655
841,1:?,1:Bot,,0.603
842,1:?,1:Bot,,0.802
843,1:?,1:Bot,,0.794
844,1:?,1:Bot,,0.74
845,1:?,1:Bot,,0.634
846,1:?,1:Bot,,0.66
847,1:?,2:Human,,0.54
848,1:?,1:Bot,,0.665
849,1:?,1:Bot,,1
850,1:?,1:Bot,,0.54
851,1:?,2:Human,,0.619
852,1:?,1:Bot,,0.88
853,1:?,1:Bot,,0.63
854,1:?,1:Bot,,0.93
855,1:?,1:Bot,,0.887
856,1:?,1:Bot,,0.86
857,1:?,1:Bot,,0.75
858,1:?,1:Bot,,0.62
859,1:?,2:Human,,0.733
860,1:?,1:Bot,,0.75
861,1:?,1:Bot,,1
862,1:?,2:Human,,0.65
863,1:?,1:Bot,,0.508
864,1:?,2:Human,,0.613
865,1:?,1:Bot,,0.95
866,1:?,1:Bot,,0.56
867,1:?,2:Human,,0.721
868,1:?,1:Bot,,1
869,1:?,2:Human,,0.82
870,1:?,2:Human,,0.573
871,1:?,1:Bot,,0.731
872,1:?,1:Bot,,0.59
873,1:?,1:Bot,,0.663
874,1:?,1:Bot,,0.683
875,1:?,1:Bot,,0.573
876,1:?,1:Bot,,0.74
877,1:?,1:Bot,,0.509
878,1:?,1:Bot,,1
879,1:?,2:Human,,0.813
880,1:?,2:Human,,0.62
881,1:?,2:Human,,0.53
882,1:?,1:Bot,,0.72
883,1:?,1:Bot,,0.683
884,1:?,1:Bot,,0.558
885,1:?,1:Bot,,0.72
886,1:?,1:Bot,,0.923
887,1:?,1:Bot,,0.521
888,1:?,1:Bot,,0.78
889,1:?,1:Bot,,0.738
890,1:?,1:Bot,,0.642
891,1:?,1:Bot,,0.818
892,1:?,1:Bot,,0.72
893,1:?,1:Bot,,0.69
894,1:?,1:Bot,,0.879
895,1:?,1:Bot,,0.89
896,1:?,1:Bot,,0.664
897,1:?,1:Bot,,0.734
898,1:?,1:Bot,,0.67
899,1:?,1:Bot,,0.81
900,1:?,1:Bot,,0.71
901,1:?,1:Bot,,0.827
902,1:?,1:Bot,,0.78
903,1:?,1:Bot,,0.54
904,1:?,1:Bot,,0.57
905,1:?,1:Bot,,0.63
906,1:?,2:Human,,0.736
907,1:?,2:Human,,0.593
908,1:?,1:Bot,,0.63
909,1:?,2:Human,,0.73
910,1:?,1:Bot,,0.99
911,1:?,1:Bot,,0.69
912,1:?,1:Bot,,0.75
913,1:?,1:Bot,,0.734
914,1:?,1:Bot,,0.812
915,1:?,1:Bot,,0.657
916,1:?,1:Bot,,0.61
917,1:?,2:Human,,0.7
918,1:?,1:Bot,,0.77
919,1:?,1:Bot,,0.7
920,1:?,1:Bot,,0.84
921,1:?,1:Bot,,0.726
922,1:?,1:Bot,,0.84
923,1:?,1:Bot,,0.98
924,1:?,2:Human,,0.532
925,1:?,1:Bot,,1
926,1:?,1:Bot,,0.806
927,1:?,1:Bot,,0.93
928,1:?,1:Bot,,0.81
929,1:?,1:Bot,,0.78
930,1:?,2:Human,,0.61
931,1:?,1:Bot,,1
932,1:?,1:Bot,,0.96
933,1:?,1:Bot,,0.63
934,1:?,2:Human,,0.854
935,1:?,2:Human,,0.588
936,1:?,1:Bot,,0.839
937,1:?,1:Bot,,1
938,1:?,1:Bot,,0.559
939,1:?,1:Bot,,1
940,1:?,1:Bot,,0.562
941,1:?,1:Bot,,0.93
942,1:?,1:Bot,,0.65
943,1:?,1:Bot,,0.85
944,1:?,1:Bot,,0.767
945,1:?,1:Bot,,0.618
946,1:?,1:Bot,,0.748
947,1:?,1:Bot,,0.88
948,1:?,1:Bot,,0.82
949,1:?,1:Bot,,0.86
950,1:?,2:Human,,0.54
951,1:?,2:Human,,0.55
952,1:?,1:Bot,,0.82
953,1:?,1:Bot,,0.85
954,1:?,1:Bot,,0.68
955,1:?,1:Bot,,0.722
956,1:?,1:Bot,,0.82
957,1:?,1:Bot,,0.65
958,1:?,1:Bot,,0.65
959,1:?,1:Bot,,1
960,1:?,1:Bot,,0.81
961,1:?,1:Bot,,0.709
962,1:?,1:Bot,,0.647
963,1:?,2:Human,,0.613
964,1:?,1:Bot,,0.713
965,1:?,1:Bot,,0.834
966,1:?,1:Bot,,0.63
967,1:?,1:Bot,,0.72
968,1:?,2:Human,,0.87
969,1:?,2:Human,,0.722
970,1:?,1:Bot,,0.594
971,1:?,1:Bot,,0.88
972,1:?,1:Bot,,0.679
973,1:?,1:Bot,,0.775
974,1:?,1:Bot,,0.59
975,1:?,1:Bot,,1
976,1:?,1:Bot,,0.83
977,1:?,1:Bot,,1
978,1:?,2:Human,,0.69
979,1:?,1:Bot,,0.76
980,1:?,2:Human,,0.635
981,1:?,1:Bot,,0.52
982,1:?,1:Bot,,0.837
983,1:?,1:Bot,,1
984,1:?,1:Bot,,0.711
985,1:?,2:Human,,0.75
986,1:?,2:Human,,0.72
987,1:?,2:Human,,0.878
988,1:?,1:Bot,,0.588
989,1:?,2:Human,,0.558
990,1:?,2:Human,,0.85
991,1:?,2:Human,,0.575
992,1:?,1:Bot,,0.718
993,1:?,1:Bot,,1
994,1:?,1:Bot,,0.81
995,1:?,2:Human,,0.547
996,1:?,2:Human,,0.835
997,1:?,2:Human,,0.96
998,1:?,1:Bot,,0.53
999,1:?,1:Bot,,0.81
1000,1:?,1:Bot,,0.812
1001,1:?,1:Bot,,0.671
1002,1:?,1:Bot,,0.9
1003,1:?,1:Bot,,0.854
1004,1:?,1:Bot,,0.82
1005,1:?,1:Bot,,0.77
1006,1:?,1:Bot,,0.77
1007,1:?,2:Human,,0.616
1008,1:?,2:Human,,0.62
1009,1:?,1:Bot,,0.76
1010,1:?,1:Bot,,0.927
1011,1:?,1:Bot,,0.698
1012,1:?,1:Bot,,0.679
1013,1:?,1:Bot,,0.528
1014,1:?,1:Bot,,0.716
1015,1:?,1:Bot,,0.82
1016,1:?,1:Bot,,0.804
1017,1:?,1:Bot,,0.8
1018,1:?,2:Human,,0.513
1019,1:?,1:Bot,,0.57
1020,1:?,1:Bot,,0.53
1021,1:?,2:Human,,0.814
1022,1:?,1:Bot,,0.517
1023,1:?,2:Human,,0.538
1024,1:?,2:Human,,0.572
1025,1:?,1:Bot,,0.5
1026,1:?,1:Bot,,1
1027,1:?,1:Bot,,0.73
1028,1:?,1:Bot,,0.92
1029,1:?,2:Human,,0.594
1030,1:?,2:Human,,0.645
1031,1:?,1:Bot,,0.78
1032,1:?,1:Bot,,0.715
1033,1:?,1:Bot,,0.57
1034,1:?,1:Bot,,0.72
1035,1:?,1:Bot,,0.6
1036,1:?,1:Bot,,0.9
1037,1:?,1:Bot,,0.842
1038,1:?,1:Bot,,1
1039,1:?,1:Bot,,0.772
1040,1:?,2:Human,,0.77
1041,1:?,1:Bot,,0.685
1042,1:?,2:Human,,0.745
1043,1:?,1:Bot,,0.56
1044,1:?,1:Bot,,0.55
1045,1:?,1:Bot,,0.94
1046,1:?,1:Bot,,0.543
1047,1:?,1:Bot,,0.97
1048,1:?,2:Human,,0.535
1049,1:?,1:Bot,,0.75
1050,1:?,1:Bot,,1
1051,1:?,2:Human,,0.77
1052,1:?,2:Human,,0.546
1053,1:?,1:Bot,,0.71
1054,1:?,2:Human,,0.719
1055,1:?,1:Bot,,0.51
1056,1:?,1:Bot,,0.751
1057,1:?,2:Human,,0.596
1058,1:?,1:Bot,,0.78
1059,1:?,1:Bot,,0.642
1060,1:?,1:Bot,,0.57
1061,1:?,1:Bot,,0.84
1062,1:?,2:Human,,0.7
1063,1:?,1:Bot,,0.56
1064,1:?,2:Human,,0.8
1065,1:?,1:Bot,,0.61
1066,1:?,1:Bot,,0.64
1067,1:?,1:Bot,,0.87
1068,1:?,1:Bot,,0.7
1069,1:?,2:Human,,0.762
1070,1:?,1:Bot,,0.88
1071,1:?,2:Human,,0.62
1072,1:?,2:Human,,0.73
1073,1:?,1:Bot,,0.55
1074,1:?,1:Bot,,0.69
1075,1:?,2:Human,,0.52
1076,1:?,1:Bot,,0.65
1077,1:?,2:Human,,0.532
1078,1:?,1:Bot,,0.95
1079,1:?,1:Bot,,0.68
1080,1:?,1:Bot,,0.66
1081,1:?,1:Bot,,0.69
1082,1:?,2:Human,,0.51
1083,1:?,1:Bot,,0.68
1084,1:?,1:Bot,,0.507
1085,1:?,2:Human,,0.51
1086,1:?,2:Human,,0.75
1087,1:?,1:Bot,,0.535
1088,1:?,1:Bot,,0.745
1089,1:?,1:Bot,,0.75
1090,1:?,2:Human,,0.71
1091,1:?,1:Bot,,0.84
1092,1:?,1:Bot,,0.66
1093,1:?,1:Bot,,0.76
1094,1:?,2:Human,,0.58
1095,1:?,1:Bot,,0.64
1096,1:?,1:Bot,,0.79
1097,1:?,1:Bot,,0.702
1098,1:?,1:Bot,,0.854
1099,1:?,1:Bot,,0.665
1100,1:?,1:Bot,,0.83
1101,1:?,1:Bot,,0.532
1102,1:?,1:Bot,,0.57
1103,1:?,1:Bot,,0.57
1104,1:?,1:Bot,,0.9
1105,1:?,1:Bot,,0.9
1106,1:?,1:Bot,,1
1107,1:?,1:Bot,,0.755
1108,1:?,1:Bot,,0.883
1109,1:?,1:Bot,,0.96
1110,1:?,1:Bot,,0.71
1111,1:?,2:Human,,0.501
1112,1:?,1:Bot,,0.89
1113,1:?,1:Bot,,0.601
1114,1:?,1:Bot,,0.573
1115,1:?,1:Bot,,0.52
1116,1:?,1:Bot,,0.77
1117,1:?,1:Bot,,0.8
1118,1:?,1:Bot,,0.71
1119,1:?,1:Bot,,0.687
1120,1:?,1:Bot,,0.879
1121,1:?,1:Bot,,0.8
1122,1:?,1:Bot,,0.59
1123,1:?,1:Bot,,0.874
1124,1:?,1:Bot,,0.86
1125,1:?,1:Bot,,1
1126,1:?,1:Bot,,0.76
1127,1:?,1:Bot,,0.63
1128,1:?,1:Bot,,0.603
1129,1:?,1:Bot,,0.67
1130,1:?,1:Bot,,0.68
1131,1:?,1:Bot,,0.589
1132,1:?,1:Bot,,0.85
1133,1:?,2:Human,,0.64
1134,1:?,1:Bot,,0.84
1135,1:?,1:Bot,,0.542
1136,1:?,2:Human,,0.53
1137,1:?,1:Bot,,0.72
1138,1:?,1:Bot,,1
1139,1:?,1:Bot,,0.57
1140,1:?,1:Bot,,0.539
1141,1:?,1:Bot,,0.59
1142,1:?,1:Bot,,1
1143,1:?,2:Human,,0.713
1144,1:?,1:Bot,,0.53
1145,1:?,2:Human,,0.87
1146,1:?,1:Bot,,1
1147,1:?,1:Bot,,0.57
1148,1:?,1:Bot,,0.56
1149,1:?,1:Bot,,0.548
1150,1:?,1:Bot,,0.84
1151,1:?,1:Bot,,0.82
1152,1:?,1:Bot,,0.84
1153,1:?,1:Bot,,0.825
1154,1:?,1:Bot,,0.84
1155,1:?,2:Human,,0.73
1156,1:?,1:Bot,,0.87
1157,1:?,2:Human,,0.53
1158,1:?,2:Human,,0.792
1159,1:?,1:Bot,,0.91
1160,1:?,2:Human,,0.82
1161,1:?,2:Human,,0.61
1162,1:?,1:Bot,,0.6
1163,1:?,1:Bot,,0.672
1164,1:?,1:Bot,,0.89
1165,1:?,1:Bot,,0.8
1166,1:?,1:Bot,,0.91
1167,1:?,1:Bot,,0.56
1168,1:?,1:Bot,,0.98
1169,1:?,1:Bot,,0.65
1170,1:?,1:Bot,,0.733
1171,1:?,2:Human,,0.61
1172,1:?,2:Human,,1
1173,1:?,1:Bot,,0.67
1174,1:?,1:Bot,,0.84
1175,1:?,1:Bot,,0.883
1176,1:?,1:Bot,,0.757
1177,1:?,1:Bot,,0.52
1178,1:?,1:Bot,,0.67
1179,1:?,2:Human,,0.885
1180,1:?,2:Human,,0.55
1181,1:?,1:Bot,,0.515
1182,1:?,1:Bot,,0.516
1183,1:?,2:Human,,0.57
1184,1:?,1:Bot,,0.87
1185,1:?,1:Bot,,0.67
1186,1:?,2:Human,,0.619
1187,1:?,1:Bot,,0.78
1188,1:?,1:Bot,,0.63
1189,1:?,1:Bot,,0.86
1190,1:?,2:Human,,0.65
1191,1:?,1:Bot,,0.51
1192,1:?,1:Bot,,0.823
1193,1:?,2:Human,,0.54
1194,1:?,1:Bot,,0.75
1195,1:?,1:Bot,,0.8
1196,1:?,1:Bot,,1
1197,1:?,1:Bot,,0.54
1198,1:?,2:Human,,0.755
1199,1:?,1:Bot,,0.93
1200,1:?,1:Bot,,1
1201,1:?,1:Bot,,0.84
1202,1:?,1:Bot,,1
1203,1:?,1:Bot,,1
1204,1:?,1:Bot,,0.69
1205,1:?,1:Bot,,0.59
1206,1:?,1:Bot,,0.878
1207,1:?,1:Bot,,0.87
1208,1:?,1:Bot,,0.93
1209,1:?,1:Bot,,0.74
1210,1:?,2:Human,,0.635
1211,1:?,1:Bot,,0.76
1212,1:?,1:Bot,,0.903
1213,1:?,1:Bot,,0.69
1214,1:?,1:Bot,,1
1215,1:?,1:Bot,,0.56
1216,1:?,1:Bot,,0.68
1217,1:?,1:Bot,,0.694
1218,1:?,1:Bot,,0.75
1219,1:?,1:Bot,,0.668
1220,1:?,1:Bot,,0.591
1221,1:?,1:Bot,,0.51
1222,1:?,1:Bot,,1
1223,1:?,1:Bot,,0.53
1224,1:?,1:Bot,,0.82
1225,1:?,1:Bot,,0.71
1226,1:?,1:Bot,,1
1227,1:?,1:Bot,,0.74
1228,1:?,1:Bot,,0.69
1229,1:?,2:Human,,0.62
1230,1:?,1:Bot,,1
1231,1:?,1:Bot,,0.78
1232,1:?,1:Bot,,0.79
1233,1:?,2:Human,,0.55
1234,1:?,1:Bot,,0.76
1235,1:?,1:Bot,,0.845
1236,1:?,1:Bot,,0.91
1237,1:?,1:Bot,,0.51
1238,1:?,1:Bot,,0.638
1239,1:?,1:Bot,,0.52
1240,1:?,1:Bot,,0.6
1241,1:?,1:Bot,,0.74
1242,1:?,2:Human,,0.7
1243,1:?,1:Bot,,0.67
1244,1:?,1:Bot,,0.81
1245,1:?,1:Bot,,1
1246,1:?,1:Bot,,0.63
1247,1:?,2:Human,,0.56
1248,1:?,1:Bot,,0.84
1249,1:?,1:Bot,,0.819
1250,1:?,2:Human,,0.54
1251,1:?,1:Bot,,0.76
1252,1:?,1:Bot,,1
1253,1:?,1:Bot,,0.88
1254,1:?,2:Human,,0.933
1255,1:?,1:Bot,,0.538
1256,1:?,1:Bot,,1
1257,1:?,1:Bot,,0.61
1258,1:?,2:Human,,0.63
1259,1:?,2:Human,,0.99
1260,1:?,2:Human,,0.647
1261,1:?,1:Bot,,0.572
1262,1:?,1:Bot,,0.67
1263,1:?,1:Bot,,1
1264,1:?,1:Bot,,1
1265,1:?,1:Bot,,0.73
1266,1:?,1:Bot,,0.68
1267,1:?,1:Bot,,0.897
1268,1:?,1:Bot,,0.686
1269,1:?,1:Bot,,0.528
1270,1:?,1:Bot,,0.555
1271,1:?,1:Bot,,0.652
1272,1:?,1:Bot,,0.55
1273,1:?,1:Bot,,0.99
1274,1:?,2:Human,,0.535
1275,1:?,1:Bot,,0.54
1276,1:?,1:Bot,,0.79
1277,1:?,1:Bot,,0.77
1278,1:?,2:Human,,0.61
1279,1:?,1:Bot,,0.578
1280,1:?,1:Bot,,0.77
1281,1:?,2:Human,,0.526
1282,1:?,1:Bot,,0.94
1283,1:?,2:Human,,0.633
1284,1:?,1:Bot,,0.68
1285,1:?,1:Bot,,0.66
1286,1:?,1:Bot,,0.73
1287,1:?,1:Bot,,0.62
1288,1:?,2:Human,,0.67
1289,1:?,1:Bot,,0.879
1290,1:?,1:Bot,,0.69
1291,1:?,1:Bot,,0.6
1292,1:?,1:Bot,,0.705
1293,1:?,1:Bot,,0.81
1294,1:?,1:Bot,,1
1295,1:?,1:Bot,,0.716
1296,1:?,2:Human,,0.762
1297,1:?,1:Bot,,0.62
1298,1:?,1:Bot,,0.69
1299,1:?,1:Bot,,0.727
1300,1:?,1:Bot,,0.8
1301,1:?,1:Bot,,0.84
1302,1:?,1:Bot,,0.64
1303,1:?,1:Bot,,0.58
1304,1:?,1:Bot,,1
1305,1:?,1:Bot,,0.943
1306,1:?,1:Bot,,0.81
1307,1:?,1:Bot,,0.76
1308,1:?,1:Bot,,0.762
1309,1:?,1:Bot,,0.615
1310,1:?,1:Bot,,0.762
1311,1:?,2:Human,,0.79
1312,1:?,1:Bot,,0.74
1313,1:?,1:Bot,,0.78
1314,1:?,1:Bot,,0.99
1315,1:?,2:Human,,0.65
1316,1:?,2:Human,,0.76
1317,1:?,1:Bot,,0.669
1318,1:?,1:Bot,,0.86
1319,1:?,1:Bot,,0.78
1320,1:?,1:Bot,,0.59
1321,1:?,1:Bot,,0.72
1322,1:?,1:Bot,,0.793
1323,1:?,1:Bot,,0.95
1324,1:?,1:Bot,,0.72
1325,1:?,1:Bot,,0.63
1326,1:?,1:Bot,,0.546
1327,1:?,1:Bot,,0.727
1328,1:?,1:Bot,,0.97
1329,1:?,1:Bot,,0.73
1330,1:?,1:Bot,,0.86
1331,1:?,1:Bot,,0.8
1332,1:?,1:Bot,,0.71
1333,1:?,1:Bot,,0.583
1334,1:?,1:Bot,,0.67
1335,1:?,2:Human,,0.53
1336,1:?,1:Bot,,0.88
1337,1:?,1:Bot,,0.72
1338,1:?,1:Bot,,1
1339,1:?,1:Bot,,0.84
1340,1:?,1:Bot,,1
1341,1:?,1:Bot,,0.545
1342,1:?,1:Bot,,0.821
1343,1:?,1:Bot,,0.61
1344,1:?,1:Bot,,0.907
1345,1:?,1:Bot,,0.605
1346,1:?,2:Human,,0.507
1347,1:?,1:Bot,,0.68
1348,1:?,1:Bot,,0.64
1349,1:?,1:Bot,,0.752
1350,1:?,1:Bot,,0.73
1351,1:?,1:Bot,,0.55
1352,1:?,1:Bot,,0.59
1353,1:?,2:Human,,0.56
1354,1:?,1:Bot,,0.823
1355,1:?,1:Bot,,0.5
1356,1:?,1:Bot,,0.6
1357,1:?,1:Bot,,0.68
1358,1:?,1:Bot,,0.7
1359,1:?,2:Human,,0.622
1360,1:?,2:Human,,0.75
1361,1:?,1:Bot,,0.865
1362,1:?,1:Bot,,0.843
1363,1:?,1:Bot,,0.84
1364,1:?,1:Bot,,0.63
1365,1:?,1:Bot,,0.86
1366,1:?,2:Human,,0.61
1367,1:?,1:Bot,,0.609
1368,1:?,1:Bot,,0.767
1369,1:?,1:Bot,,0.89
1370,1:?,1:Bot,,0.64
1371,1:?,1:Bot,,0.905
1372,1:?,2:Human,,0.663
1373,1:?,1:Bot,,0.51
1374,1:?,1:Bot,,0.74
1375,1:?,1:Bot,,1
1376,1:?,1:Bot,,0.84
1377,1:?,1:Bot,,0.75
1378,1:?,1:Bot,,0.76
1379,1:?,1:Bot,,0.66
1380,1:?,2:Human,,0.768
1381,1:?,1:Bot,,0.857
1382,1:?,1:Bot,,0.65
1383,1:?,1:Bot,,0.66
1384,1:?,1:Bot,,0.55
1385,1:?,1:Bot,,0.71
1386,1:?,1:Bot,,0.52
1387,1:?,1:Bot,,0.52
1388,1:?,1:Bot,,0.667
1389,1:?,2:Human,,0.639
1390,1:?,1:Bot,,0.61
1391,1:?,1:Bot,,0.711
1392,1:?,1:Bot,,0.73
1393,1:?,1:Bot,,0.693
1394,1:?,1:Bot,,0.8
1395,1:?,1:Bot,,0.713
1396,1:?,1:Bot,,0.753
1397,1:?,1:Bot,,0.67
1398,1:?,1:Bot,,0.54
1399,1:?,1:Bot,,0.579
1400,1:?,2:Human,,0.708
1401,1:?,1:Bot,,0.6
1402,1:?,2:Human,,0.52
1403,1:?,1:Bot,,0.76
1404,1:?,1:Bot,,1
1405,1:?,1:Bot,,0.563
1406,1:?,1:Bot,,0.569
1407,1:?,1:Bot,,0.77
1408,1:?,1:Bot,,0.54
1409,1:?,1:Bot,,0.65
1410,1:?,1:Bot,,1
1411,1:?,2:Human,,0.54
1412,1:?,1:Bot,,0.68
1413,1:?,1:Bot,,0.709
1414,1:?,2:Human,,0.568
1415,1:?,2:Human,,0.652
1416,1:?,2:Human,,0.612
1417,1:?,1:Bot,,0.64
1418,1:?,1:Bot,,0.99
1419,1:?,1:Bot,,0.51
1420,1:?,1:Bot,,0.54
1421,1:?,1:Bot,,0.85
1422,1:?,2:Human,,0.61
1423,1:?,2:Human,,0.7
1424,1:?,1:Bot,,0.74
1425,1:?,1:Bot,,0.62
1426,1:?,2:Human,,0.67
1427,1:?,1:Bot,,0.51
1428,1:?,1:Bot,,0.66
1429,1:?,1:Bot,,0.888
1430,1:?,2:Human,,0.68
1431,1:?,1:Bot,,0.5
1432,1:?,2:Human,,0.74
1433,1:?,1:Bot,,0.67
1434,1:?,1:Bot,,0.62
1435,1:?,1:Bot,,0.94
1436,1:?,1:Bot,,0.77
1437,1:?,1:Bot,,1
1438,1:?,1:Bot,,1
1439,1:?,2:Human,,0.54
1440,1:?,1:Bot,,0.81
1441,1:?,1:Bot,,0.52
1442,1:?,2:Human,,0.51
1443,1:?,2:Human,,0.54
1444,1:?,2:Human,,0.59
1445,1:?,2:Human,,0.611
1446,1:?,2:Human,,0.539
1447,1:?,1:Bot,,0.918
1448,1:?,1:Bot,,0.67
1449,1:?,1:Bot,,1
1450,1:?,2:Human,,0.552
1451,1:?,1:Bot,,0.6
1452,1:?,1:Bot,,0.75
1453,1:?,1:Bot,,0.74
1454,1:?,1:Bot,,0.853
1455,1:?,1:Bot,,0.82
1456,1:?,2:Human,,0.541
1457,1:?,1:Bot,,0.893
1458,1:?,2:Human,,0.59
1459,1:?,1:Bot,,0.92
1460,1:?,1:Bot,,0.632
1461,1:?,1:Bot,,0.65
1462,1:?,1:Bot,,0.57
1463,1:?,2:Human,,0.695
1464,1:?,1:Bot,,0.84
1465,1:?,2:Human,,0.71
1466,1:?,1:Bot,,0.71
1467,1:?,2:Human,,0.82
1468,1:?,1:Bot,,0.83
1469,1:?,1:Bot,,0.576
1470,1:?,1:Bot,,0.9
1471,1:?,1:Bot,,0.95
1472,1:?,2:Human,,0.54
1473,1:?,1:Bot,,0.83
1474,1:?,1:Bot,,0.93
1475,1:?,2:Human,,0.61
1476,1:?,1:Bot,,0.79
1477,1:?,1:Bot,,0.733
1478,1:?,2:Human,,0.844
1479,1:?,1:Bot,,1
1480,1:?,1:Bot,,0.788
1481,1:?,1:Bot,,0.756
1482,1:?,1:Bot,,0.86
1483,1:?,1:Bot,,0.71
1484,1:?,1:Bot,,0.75
1485,1:?,2:Human,,0.54
1486,1:?,1:Bot,,0.68
1487,1:?,1:Bot,,0.66
1488,1:?,2:Human,,0.523
1489,1:?,1:Bot,,0.6
1490,1:?,1:Bot,,0.955
1491,1:?,2:Human,,0.847
1492,1:?,2:Human,,0.53
1493,1:?,1:Bot,,0.98
1494,1:?,2:Human,,0.83
1495,1:?,1:Bot,,0.76
1496,1:?,2:Human,,0.975
1497,1:?,1:Bot,,0.78
1498,1:?,1:Bot,,0.76
1499,1:?,1:Bot,,0.842
1500,1:?,1:Bot,,0.775